{
  "project_info": {
    "project_number": "445602165082",
    "firebase_url": "https://metals-reference.firebaseio.com",
    "project_id": "metals-reference",
    "storage_bucket": "metals-reference.appspot.com"
  },
  "client": [
    {
      "client_info": {
        "mobilesdk_app_id": "1:445602165082:android:54aa17c18e1da705",
        "android_client_info": {
          "package_name": "com.example.franc.metalsreference"
        }
      },
      "oauth_client": [
        {
          "client_id": "445602165082-bptj4dh7b0eodi1t7o1ivis2e16j8n39.apps.googleusercontent.com",
          "client_type": 1,
          "android_info": {
            "package_name": "com.example.franc.metalsreference",
            "certificate_hash": "b229a13bd5b6f17029bd9cecfef4878be87f6079"
          }
        },
        {
          "client_id": "445602165082-o06n4ijjo69fasbm0t73dddb77hdotv4.apps.googleusercontent.com",
          "client_type": 3
        }
      ],
      "api_key": [
        {
          "current_key": "AIzaSyDAocgzZb4MCWKGuByqLvau0K_tyN9uSRI"
        }
      ],
      "services": {
        "analytics_service": {
          "status": 1
        },
        "appinvite_service": {
          "status": 2,
          "other_platform_oauth_client": [
            {
              "client_id": "445602165082-o06n4ijjo69fasbm0t73dddb77hdotv4.apps.googleusercontent.com",
              "client_type": 3
            }
          ]
        },
        "ads_service": {
          "status": 2
        }
      }
    }
  ],
  "configuration_version": "1"
}